id,s1_cis,t1_cis,exchange_integral,dsp_scf,dsp_cis,homo_lumo_overlap,oscillator_strength,run_time,smiles,s1_ref,t1_ref,t1_s1_ref,oscillator_strength_ref
2,0.005870953,0.002534413,0.00192651,-0.016731029,-0.011618692,0.217413636,0.000255636,0.01663335,c1cc2cccc3cncc(c1)-n-2-3,0.922166,1.045877,-0.123711,0.000633
3,0.03703288,0.025360906,0.004451253,-0.014008998,-0.009854418,0.464499916,0.001897615,0.024722902,c1cc2cccc3nccc(c1)-n-2-3,1.380431,1.491178,-0.110747,0.000537
4,0.042269027,0.036690836,0.004898576,-0.015008577,-0.010510695,0.26520918,0.00740242,0.017193363,c1cc2cccc3ncnc(c1)-n-2-3,1.59346,1.741869,-0.148409,0.002229
5,0.055526663,0.025073967,0.00958057,-0.008704848,-0.006279765,0.784063919,0.000913981,0.021303988,c1cc2cccc3nncc(c1)-n-2-3,1.517693,1.427733,0.08996,0.000069
6,0.032865738,0.027755207,0.002582618,-0.016876796,-0.011703796,0.30546175,0.00050518,0.016774374,c1cc2cccc3nnnc(c1)-n-2-3,1.35985,1.499214,-0.139364,0.000211
7,0.051347571,0.037821315,0.005026113,-0.013299586,-0.009382232,0.48548924,0.002419617,0.022398641,c1cc2ccnc3ccnc(c1)-n-2-3,1.731749,1.796801,-0.065052,0.000561
8,0.034740832,0.015495281,0.007487399,-0.011265582,-0.008014288,0.55497934,0.004312003,0.024798936,c1cc2ccnc3cncc(c1)-n-2-3,1.294145,1.359668,-0.065523,0.00175
9,0.030920813,0.024318273,0.002751782,-0.016331679,-0.011387982,0.310557847,0.000289878,0.020422696,c1cc2ccnc3cncc(n1)-n-2-3,1.425593,1.574782,-0.149189,0.000272
10,0.062351783,0.035817169,0.007498096,-0.010409842,-0.007427331,0.711367153,0.001394084,0.020449263,c1cc2ccnc3cnnc(c1)-n-2-3,1.815499,1.741745,0.073754,0.001181
11,0.039815992,0.034549752,0.004566351,-0.015419017,-0.010819614,0.291279487,0.009619687,0.017093295,c1cc2ccnc3nccc(c1)-n-2-3,1.536155,1.685917,-0.149762,0.002518
12,0.053009488,0.046636413,0.003565042,-0.015793403,-0.011067608,0.312240428,0.006464975,0.020939964,c1cc2ccnc3nccc(n1)-n-2-3,1.802736,1.960725,-0.157989,0.001608
13,0.055543367,0.046227123,0.00688302,-0.013519491,-0.00956722,0.354749392,0.015173666,0.021106201,c1cc2ccnc3ncnc(c1)-n-2-3,1.862647,1.9908,-0.128153,0.003811
14,0.064223807,0.05581623,0.007001704,-0.01403061,-0.009935351,0.278753719,0.018748376,0.016485833,c1cc2ccnc3ncnc(n1)-n-2-3,2.041241,2.212138,-0.170897,0.004506
15,0.045648206,0.027746601,0.007155347,-0.011834911,-0.008416237,0.552165439,0.00467762,0.022568976,c1cc2ccnc3nncc(c1)-n-2-3,1.478967,1.538085,-0.059118,0.000835
16,0.058307767,0.040709877,0.00551848,-0.013276541,-0.009375842,0.538213428,0.001504052,0.03076344,c1cc2ccnc3nncc(n1)-n-2-3,1.805171,1.868118,-0.062947,0.000039
17,0.04736098,0.037897194,0.004695786,-0.015320489,-0.010736164,0.362398566,0.005371513,0.0216783,c1cc2ccnc3nnnc(c1)-n-2-3,1.633895,1.764664,-0.130769,0.001747
18,0.054685976,0.048023629,0.003453349,-0.016676794,-0.011637628,0.293872655,0.002346755,0.01650796,c1cc2ccnc3nnnc(n1)-n-2-3,1.818193,2.002054,-0.183861,0.000019
19,0.038177018,0.01652938,0.008223629,-0.009622008,-0.006907072,0.638049179,0.00443076,0.023720097,c1cc2cncc3ccnc(c1)-n-2-3,1.348576,1.354367,-0.005791,0.002104
20,0.032201593,0.020725702,0.008988589,-0.01256263,-0.008955364,0.421891583,0.016109455,0.017007976,c1cc2cncc3ccnc(n1)-n-2-3,1.396955,1.477144,-0.080189,0.006382
21,0.014891722,-0.00888875,0.008459212,-0.009955007,-0.007111605,0.693021289,0.000528076,0.05175005,c1cc2cncc3cncc(c1)-n-2-3,0.808624,0.914134,-0.10551,0.000507
22,0.038869244,0.010824649,0.009752421,-0.007829388,-0.005648337,0.704027383,0.004524563,0.022949312,c1cc2cncc3cncc(n1)-n-2-3,1.317173,1.266134,0.051039,0.00228
23,0.059152171,0.022682134,0.011903246,-0.005863608,-0.00431488,0.821354484,0.003349157,0.021201331,c1cc2cncc3cnnc(c1)-n-2-3,1.613451,1.371143,0.242308,0.000501
24,0.045722144,0.019385165,0.010750565,-0.008168507,-0.005934268,0.616792556,0.010912271,0.024609802,c1cc2cncc3cnnc(n1)-n-2-3,1.421614,1.384285,0.037329,0.003194
25,0.049202917,0.027738138,0.008969261,-0.009461264,-0.006802333,0.571499741,0.008301983,0.023266271,c1cc2cncc3nccc(n1)-n-2-3,1.688257,1.664874,0.023383,0.00329
26,0.03488522,0.024066592,0.007948904,-0.012858946,-0.009104905,0.382968678,0.010071985,0.022608471,c1cc2cncc3ncnc(c1)-n-2-3,1.485252,1.576887,-0.091635,0.003917
27,0.048576804,0.031484579,0.011716968,-0.010508585,-0.007585636,0.487136104,0.025770598,0.021588586,c1cc2cncc3ncnc(n1)-n-2-3,1.735141,1.788957,-0.053816,0.008633
28,0.057163632,0.021237421,0.011675676,-0.007370082,-0.005345872,0.828117607,0.005436124,0.021384838,c1cc2cncc3nncc(c1)-n-2-3,1.560927,1.3938,0.167127,0.001008
29,0.062966555,0.030700452,0.00995701,-0.007955412,-0.005745673,0.743459726,0.00564108,0.020122183,c1cc2cncc3nncc(n1)-n-2-3,1.864997,1.701093,0.163904,0.002121
30,0.026247228,0.017117775,0.005043099,-0.014530745,-0.010151013,0.428549126,0.001434243,0.027532554,c1cc2cncc3nnnc(c1)-n-2-3,1.266311,1.379213,-0.112902,0.000291
31,0.041652756,0.025857935,0.008954038,-0.012097486,-0.008616328,0.477855224,0.013003817,0.023353574,c1cc2cncc3nnnc(n1)-n-2-3,1.526814,1.615026,-0.088212,0.003961
32,0.064835599,0.036636615,0.008772843,-0.007975448,-0.005776466,0.715074865,0.001324193,0.020327979,c1cc2cnnc3ccnc(c1)-n-2-3,1.897732,1.752052,0.14568,0.000481
33,0.05821327,0.038728888,0.007479841,-0.009675888,-0.006987024,0.552364051,0.009889536,0.02638056,c1cc2cnnc3ccnc(n1)-n-2-3,1.768428,1.772849,-0.004421,0.005101
34,0.040786535,0.019459279,0.006565021,-0.011575533,-0.008224138,0.585158166,0.000395551,0.023074853,c1cc2cnnc3cncc(n1)-n-2-3,1.342581,1.41046,-0.067879,0.001001
35,0.078269051,0.03981404,0.011692879,-0.006718265,-0.004917258,0.840862254,0.00222843,0.019619934,c1cc2cnnc3cnnc(c1)-n-2-3,2.118044,1.820121,0.297923,0.000198
36,0.072074668,0.040809519,0.009806262,-0.007574261,-0.005533826,0.695102335,0.003712211,0.020121724,c1cc2cnnc3cnnc(n1)-n-2-3,1.971842,1.835434,0.136408,0.001446
37,0.043135993,0.033093996,0.006278571,-0.01387579,-0.009802089,0.363061822,0.006765756,0.021715517,c1cc2cnnc3nccc(n1)-n-2-3,1.570869,1.687908,-0.117039,0.003537
38,0.062064394,0.0411302,0.008999826,-0.00946137,-0.0068103,0.588830137,0.010133359,0.021086138,c1cc2cnnc3ncnc(c1)-n-2-3,1.922038,1.898466,0.023572,0.002546
39,0.0609194,0.043886358,0.01030806,-0.010357788,-0.007487098,0.472743151,0.021281068,0.020461135,c1cc2cnnc3ncnc(n1)-n-2-3,1.907846,1.974128,-0.066282,0.007593
40,0.022951783,0.016352366,0.003697221,-0.014957358,-0.010425463,0.307301278,0.00106627,0.01724225,c1cc2cnnc3nncc(c1)-n-2-3,1.219121,1.343022,-0.123901,0.00003
41,0.043150892,0.026132202,0.00737961,-0.013223735,-0.009365109,0.445755036,0.004949361,0.022701343,c1cc2cnnc3nncc(n1)-n-2-3,1.545911,1.638246,-0.092335,0.001684
42,0.062270876,0.036595466,0.008816372,-0.010366166,-0.007414735,0.637150682,0.00516712,0.020587987,c1cc2cnnc3nnnc(c1)-n-2-3,1.833543,1.807425,0.026118,0.001772
43,0.056753573,0.040179123,0.00739529,-0.011802209,-0.00839019,0.506744012,0.003232789,0.020975116,c1cc2cnnc3nnnc(n1)-n-2-3,1.775806,1.877113,-0.101307,0.000401
44,0.039170793,0.036439713,0.001174937,-0.017714155,-0.012289369,0.250824829,0.000540034,0.02112684,c1cc2nccc3ccnc(c1)-n-3-2,1.529244,1.704198,-0.174954,0.000156
45,0.041335578,0.026627916,0.005206439,-0.01302942,-0.009220198,0.504253299,0.002409747,0.023444368,c1cc2nccc3cnnc(c1)-n-3-2,1.384165,1.470631,-0.086466,0.002448
47,0.05495688,0.048893891,0.0030765,-0.01600464,-0.011163236,0.339816103,0.001850115,0.020647709,c1cc2nccc3ncnc(c1)-n-2-3,1.852438,2.015012,-0.162574,0.000575
48,0.04965473,0.038427226,0.003353148,-0.015696962,-0.010964557,0.428396241,0.000509473,0.021907943,c1cc2nccc3nnnc(c1)-n-2-3,1.662042,1.75808,-0.096038,0.001624
49,0.048597498,0.034690826,0.007460699,-0.012609111,-0.008931701,0.463470387,0.006046149,0.021694466,c1cc2ncnc3cncc(n1)-n-2-3,1.770268,1.867731,-0.097463,0.002073
50,0.056362522,0.040626568,0.005317531,-0.012624273,-0.008940191,0.48541854,0.006283734,0.020894245,c1cc2ncnc3cnnc(c1)-n-2-3,1.750898,1.822828,-0.07193,0.004248
51,0.068380557,0.060008713,0.003488802,-0.015456223,-0.010841942,0.354383316,0.005963636,0.019583739,c1cc2ncnc3nccc(n1)-n-2-3,2.152655,2.292661,-0.140006,0.001696
52,0.066327438,0.058064056,0.006254706,-0.014222686,-0.01001805,0.346946522,0.010713287,0.016449143,c1cc2ncnc3ncnc(c1)-n-2-3,2.092748,2.266518,-0.17377,0.002373
53,0.077503008,0.071103373,0.00364752,-0.015931441,-0.011163899,0.295745833,0.007094533,0.018945921,c1cc2ncnc3ncnc(n1)-n-2-3,2.332595,2.541361,-0.208766,0.001703
54,0.072776198,0.053281773,0.006499577,-0.011258933,-0.008011412,0.576082564,0.003349278,0.019402921,c1cc2ncnc3nncc(n1)-n-2-3,2.218602,2.22332,-0.004718,0.00099
55,0.057265959,0.047744403,0.005029213,-0.015478382,-0.010841907,0.367215037,0.005508895,0.023634414,c1cc2ncnc3nnnc(c1)-n-2-3,1.859402,1.99691,-0.137508,0.002484
56,0.069166918,0.059066039,0.002858874,-0.016731302,-0.011691411,0.350999064,0.00024056,0.023169282,c1cc2ncnc3nnnc(n1)-n-2-3,2.125681,2.294285,-0.168604,0.001124
57,0.065501937,0.031927014,0.010919669,-0.005751945,-0.00423238,0.72247723,0.006547796,0.022020213,c1cc2nncc3cncc(n1)-n-3-2,1.933016,1.684377,0.248639,0.002117
58,0.021807772,0.012297744,0.005958358,-0.013742786,-0.009679257,0.350247436,0.002921941,0.01633132,c1cc2nncc3cnnc(c1)-n-3-2,1.126995,1.200737,-0.073742,0.002716
59,0.043515554,0.022947041,0.010198729,-0.009247091,-0.006728106,0.517451397,0.012015646,0.022444821,c1cc2nncc3cnnc(n1)-n-3-2,1.491478,1.491295,0.000183,0.005747
60,0.072193408,0.047203723,0.006556151,-0.009603698,-0.006878915,0.663027272,0.00070479,0.019841649,c1cc2nncc3nccc(n1)-n-3-2,2.176263,2.057456,0.118807,0.00121
61,0.070610681,0.051416601,0.006889284,-0.009679474,-0.006983544,0.512484236,0.014443696,0.020834687,c1cc2nncc3ncnc(n1)-n-3-2,2.113375,2.122619,-0.009244,0.007246
62,0.084053463,0.049262219,0.008592288,-0.00749115,-0.005438085,0.762819777,3.52E-06,0.019390949,c1cc2nncc3nncc(n1)-n-2-3,2.402886,2.132411,0.270475,0.000314
63,0.060176692,0.035309418,0.006614152,-0.011287221,-0.008055441,0.621978903,0.001230936,0.021104201,c1cc2nncc3nnnc(c1)-n-2-3,1.724572,1.695028,0.029544,0.00219
64,0.071325589,0.046215939,0.00639011,-0.009814494,-0.007085788,0.587625221,0.006989162,0.021649152,c1cc2nncc3nnnc(n1)-n-2-3,2.066385,2.008374,0.058011,0.005035
65,0.054219833,0.045738735,0.003279109,-0.016842896,-0.011775744,0.310664546,0.008308703,0.016604987,c1cc2nnnc3ccnc(n1)-n-2-3,1.749332,1.898488,-0.149156,0.005984
66,0.047306354,0.029310277,0.006735377,-0.012364208,-0.008719456,0.544988034,0.001064421,0.022294414,c1cc2nnnc3cncc(n1)-n-2-3,1.64581,1.68395,-0.03814,0.000708
67,0.05327075,0.037746128,0.00526587,-0.014066515,-0.009936813,0.469225675,0.005131881,0.021831196,c1cc2nnnc3cnnc(n1)-n-2-3,1.644622,1.750316,-0.105694,0.003805
68,0.062710154,0.049166045,0.003985447,-0.015054963,-0.010587627,0.42021326,0.004837266,0.020456703,c1cc2nnnc3nccc(n1)-n-2-3,1.964149,2.052004,-0.087855,0.003821
69,0.067829793,0.055777576,0.005786516,-0.015070485,-0.010646346,0.340206782,0.016070498,0.02025797,c1cc2nnnc3ncnc(n1)-n-2-3,2.045755,2.199292,-0.153537,0.008647
70,0.073547153,0.048067289,0.006721197,-0.011858782,-0.008418696,0.630802315,0.002542211,0.019546277,c1cc2nnnc3nncc(n1)-n-2-3,2.179692,2.135732,0.04396,0.00216
71,0.047166799,0.039579612,0.003069411,-0.017272941,-0.011973844,0.360592419,7.97E-05,0.016348867,c1cc2nnnc3nnnc(c1)-n-2-3,1.629406,1.802445,-0.173039,0.000657
72,0.061290556,0.049164335,0.003737199,-0.016523495,-0.01155387,0.389362901,0.004425632,0.02060947,c1cc2nnnc3nnnc(n1)-n-2-3,1.897802,2.061805,-0.164003,0.003485
73,0.063895498,0.060389188,0.001249222,-0.017655764,-0.012270456,0.258155549,0.00055193,0.016607814,c1nc2ccnc3nccc(n1)-n-2-3,2.036995,2.246424,-0.209429,0.000106
74,0.058725132,0.047046503,0.004571303,-0.014354712,-0.010107053,0.417572792,0.002399043,0.020633154,c1nc2ccnc3nncc(n1)-n-2-3,1.880001,2.02296,-0.142959,0.002008
75,0.026947876,0.014172738,0.009569351,-0.011903474,-0.008467223,0.388903513,0.010534096,0.016855167,c1nc2cncc3cncc(n1)-n-3-2,1.370857,1.435489,-0.064632,0.004436
76,0.05971776,0.032276448,0.011913632,-0.006886761,-0.005052487,0.603589757,0.02034296,0.0202707,c1nc2cncc3cnnc(n1)-n-3-2,1.861059,1.756718,0.104341,0.006287
77,0.058291081,0.040119289,0.012292489,-0.010739622,-0.007743276,0.488088812,0.02309174,0.016217839,c1nc2cncc3ncnc(n1)-n-2-3,1.969876,2.06195,-0.092074,0.006771
78,0.054871342,0.032920827,0.007102477,-0.010708025,-0.007634046,0.568523476,0.005651312,0.020883499,c1nc2cncc3nncc(n1)-n-2-3,1.749622,1.77276,-0.023138,0.003044
79,0.049456607,0.034588371,0.009318422,-0.012632791,-0.008964498,0.485244309,0.011911628,0.020809842,c1nc2cncc3nnnc(n1)-n-2-3,1.753502,1.854705,-0.101203,0.003304
80,0.08167917,0.053015325,0.007778202,-0.007587318,-0.005521272,0.605420447,0.006168136,0.020272112,c1nc2cnnc3cnnc(n1)-n-2-3,2.328654,2.20501,0.123644,0.003292
81,0.075107191,0.056860801,0.008765311,-0.010514256,-0.007575882,0.475400681,0.015396743,0.019536155,c1nc2cnnc3ncnc(n1)-n-2-3,2.245303,2.333184,-0.087881,0.006006
82,0.046599589,0.037186542,0.003283489,-0.016282801,-0.011377079,0.36150986,0.001463885,0.016263395,c1nc2cnnc3nncc(n1)-n-2-3,1.698637,1.866936,-0.168299,0.000942
83,0.073177162,0.053636294,0.006274938,-0.012046264,-0.008550403,0.530885646,0.001958645,0.019427749,c1nc2cnnc3nnnc(n1)-n-2-3,2.181614,2.256134,-0.07452,0.000527
85,0.078827363,0.066171847,0.004719928,-0.015835514,-0.0111598,0.271963986,0.009781749,0.015761478,c1nc2ncnc3nnnc(n1)-n-2-3,2.299998,2.265108,0.03489,0.006445
86,0.047785793,0.029314325,0.013659058,-0.009420161,-0.006881185,0.384653586,0.026060251,0.017499877,c1nc2nncc3cnnc(n1)-n-3-2,1.650221,1.690724,-0.040503,0.01005
87,0.069976955,0.049366909,0.008037547,-0.011016255,-0.00793674,0.487234853,0.017560765,0.036984073,c1nc2nncc3nnnc(n1)-n-3-2,2.036371,2.053424,-0.017053,0.008183
88,0.068789971,0.057548332,0.00429307,-0.017027915,-0.011916345,0.284440059,0.007663684,0.016007286,c1nc2nnnc3nnnc(n1)-n-2-3,2.059563,2.012426,0.047137,0.004572
90,0.061633385,0.021811178,0.013001109,-0.005619507,-0.004118399,0.851706293,0.005980746,0.020302069,c1ncc2cnnc3cncc1-n-2-3,1.700065,1.364509,0.335556,0.001088
91,0.014658702,0.005105371,0.006679235,-0.012625711,-0.008872739,0.382422867,0.0027868,0.019918747,c1ncc2cnnc3nncc1-n-2-3,1.076481,1.151048,-0.074567,0.001029
92,0.079921108,0.038023766,0.013397735,-0.005331581,-0.003944607,0.836790155,0.008250425,0.01955579,c1ncc2nncc3nncc1-n-2-3,2.211239,1.80773,0.403509,0.001753
93,0.016353915,0.007527421,0.005931327,-0.013968859,-0.009760486,0.412435585,0.001731189,0.016507026,c1ncc2nnnc3cncc1-n-2-3,1.143638,1.254116,-0.110478,0.00009
94,0.063442105,0.032016773,0.009189986,-0.009433045,-0.006751411,0.723749355,0.000597297,0.020548548,c1ncc2nnnc3cnnc1-n-2-3,1.846269,1.714609,0.13166,0.000391
95,0.06346318,0.031028611,0.01174797,-0.007498244,-0.005462184,0.662762364,0.012952327,0.020705527,c1ncc2nnnc3nncc1-n-2-3,1.858243,1.724282,0.133961,0.004526
96,0.03863625,0.028208744,0.006147828,-0.014926929,-0.010420901,0.436373388,0.002764374,0.016303046,c1ncc2nnnc3nnnc1-n-2-3,1.517599,1.674787,-0.157188,0.000006
97,0.012593748,0.005062174,0.003881282,-0.014470979,-0.01011171,0.388840323,0.000306674,0.01617493,c1nnc2cncc3nncc1-n-2-3,1.036814,1.134366,-0.097552,0.000829
99,0.062636574,0.02656456,0.0135081,-0.006596789,-0.004914001,0.704963823,0.013215538,0.020015984,c1nnc2cnnc3nncc1-n-2-3,1.800057,1.625739,0.174318,0.003781
100,0.036046792,0.027314844,0.003333577,-0.016098739,-0.011212004,0.406390372,0.000548484,0.020665637,c1nnc2nncc3nnnc1-n-3-2,1.41606,1.569129,-0.153069,0.000957
101,0.086945383,0.050713202,0.008801273,-0.008516107,-0.006190599,0.714521954,0.003739989,0.209968373,c1nnc2nnnc3cnnc1-n-3-2,2.430756,2.207602,0.223154,0.003329
102,0.037792451,0.02548852,0.009569236,-0.011278814,-0.008014638,0.382915943,0.006773444,0.02081342,c1nnc2nnnc3nncc1-n-2-3,1.476172,1.597087,-0.120915,0.001778
103,0.075259887,0.048236884,0.007363677,-0.011421805,-0.008172342,0.589160279,0.003538719,0.019235334,c1nnc2nnnc3nnnc1-n-2-3,2.140995,2.056416,0.084579,0.002597
105,0.014232034,0.013525737,0.000518503,-0.01808658,-0.01250183,0.144765451,3.97E-08,0.017623056,CC1=CC2=CC=CC3=CC=CC(=C1)N23,1.07932,1.24392,-0.1646,0.000016
106,0.026678134,0.012689186,0.004580695,-0.013979957,-0.009847566,0.546767435,4.97E-07,0.028952575,CC1=CC=C2C=CC=C3C=CC=C1N23,1.09716,1.22632,-0.12916,0.000015
107,0.019215672,0.018441105,0.000551298,-0.018248366,-0.012600429,0.145728784,0.000174308,0.019524784,NC1=CC2=CC=CC3=CC=CC(=C1)N23,1.313383,1.464163,-0.15078,0.002551
108,0.038636196,0.013100026,0.008086477,-0.010190634,-0.007291457,0.744523106,0.000300122,0.026830953,NC1=CC=C2C=CC=C3C=CC=C1N23,1.141242,1.157043,-0.015801,0.000594
109,0.022584511,0.018760516,0.001458786,-0.017321353,-0.012010248,0.273914601,0.000320741,0.036316604,CNC1=CC2=CC=CC3=CC=CC(=C1)N23,1.350042,1.4877,-0.137658,0.003434
110,0.027553276,0.011590079,0.005191224,-0.013214465,-0.009330582,0.588752686,1.84E-05,0.032169581,CNC1=CC=C2C=CC=C3C=CC=C1N23,1.02127,1.143112,-0.121842,0.000169
111,0.02379133,0.012556791,0.003835805,-0.013795162,-0.009693557,0.490508228,0.000212945,0.04126691,C=CC1=CC2=CC=CC3=CC=CC(=C1)N23,0.987194,1.110748,-0.123554,0.000726
112,0.014094067,0.013365852,0.000533344,-0.017380573,-0.012023499,0.171820148,2.50E-06,0.045984098,C=CC1=CC=C2C=CC=C3C=CC=C1N23,1.055746,1.209025,-0.153279,0.000512
113,0.014072157,0.013320326,0.000691352,-0.017452401,-0.012067266,0.15296641,3.65E-06,0.022803642,C#CC1=CC2=CC=CC3=CC=CC(=C1)N23,0.934521,1.071455,-0.136934,0.000417
114,0.017589312,0.012962117,0.001744099,-0.016138363,-0.011228662,0.300954801,2.94E-05,0.049983171,C1=C(C2=CC=CC3=CC=CC(=C1)N23)C#C,1.094305,1.2431,-0.148795,0.00054
115,0.014004875,0.013269038,0.000657301,-0.017289642,-0.011958716,0.159516195,1.80E-07,0.026291195,[C-]#[N+]C1=CC2=CC=CC3=CC=CC(=C1)N23,0.975636,1.120149,-0.144513,0.000286
116,0.014813605,0.013730484,0.000672416,-0.017277398,-0.011963471,0.192130141,4.90E-07,0.051962163,[C-]#[N+]C1=CC=C2C=CC=C3C=CC=C1N23,1.081133,1.235743,-0.15461,0.000468
117,0.012336356,0.011326449,0.000907027,-0.01719712,-0.011899635,0.163360009,4.19E-05,0.023482357,N#CC1=CC2=CC=CC3=CC=CC(=C1)N23,0.908485,1.017597,-0.109112,0.000683
118,0.023269285,0.014862767,0.002920224,-0.014948419,-0.010461197,0.418982871,0.000240397,0.040812628,N#CC1=CC=C2C=CC=C3C=CC=C1N23,1.193046,1.323711,-0.130665,0.000391
119,0.02016079,0.01932862,0.000572496,-0.018281324,-0.012617543,0.148082473,0.000233158,0.019400636,CN(C)C1=CC2=CC=CC3=CC=CC(=C1)N23,1.33952,1.481742,-0.142222,0.003273
120,0.015903053,0.012031094,0.001493785,-0.016998773,-0.011800342,0.277542358,4.28E-06,0.047191722,CN(C)C1=CC=C2C=CC=C3C=CC=C1N23,1.004602,1.159645,-0.155043,0.000055
121,0.089264323,0.088564412,0.000509224,-0.01821777,-0.012631858,0.132904024,2.43E-06,0.015820873,CC1=NC2=NC=NC3=NC=NC(=N1)N23,2.6291,2.907485,-0.278385,0.000132
122,0.096571001,0.094649258,0.000729502,-0.017724118,-0.01230401,0.133312287,0.003287775,0.019831384,NC1=NC2=NC=NC3=NC=NC(=N1)N23,2.964788,3.17411,-0.209322,0.014191
123,0.096568232,0.09466043,0.000686112,-0.017715577,-0.01229678,0.139105765,0.00319956,0.019500069,CNC1=NC2=NC=NC3=NC=NC(=N1)N23,2.990932,3.187595,-0.196663,0.016011
124,0.089770732,0.089041076,0.001085226,-0.01581195,-0.010993831,0.150050638,7.17E-06,0.023686629,C=CC1=NC2=NC=NC3=NC=NC(=N1)N23,2.558106,2.823845,-0.265739,0.000215
125,0.089559468,0.088857396,0.000816212,-0.016887765,-0.011732142,0.136914074,1.43E-06,0.02215876,C#CC1=NC2=NC=NC3=NC=NC(=N1)N23,2.499777,2.755983,-0.256206,0.000611
126,0.089456633,0.088678375,0.000656288,-0.017051772,-0.011846162,0.151117753,2.19E-05,0.023295241,[C-]#[N+]C1=NC2=NC=NC3=NC=NC(=N1)N23,2.562513,2.827327,-0.264814,0.000173
127,0.088008394,0.086943479,0.001055664,-0.016831341,-0.011702925,0.147467811,0.000249794,0.022234413,N#CC1=NC2=NC=NC3=NC=NC(=N1)N23,2.471574,2.701065,-0.229491,0.001255
128,0.096438126,0.094626915,0.000627779,-0.017701911,-0.012284342,0.13685738,0.00292692,0.01910542,CN(C)C1=NC2=NC=NC3=NC=NC(=N1)N23,2.997856,3.192096,-0.19424,0.015841
129,0.040004986,0.034690176,0.004633505,-0.015294423,-0.010734425,0.297290354,0.00975267,0.023342676,CC1=CC2=CC=NC3=NC=CC(=C1)N23,1.582521,1.742269,-0.159748,0.002082
130,0.040083466,0.034680059,0.004614185,-0.015425266,-0.010823939,0.298733905,0.009831965,0.021034056,CC1=CC2=CC=CC3=CC=NC(=N1)N23,1.586847,1.732186,-0.145339,0.004203
131,0.040640093,0.034457773,0.004772513,-0.015199982,-0.01067725,0.320816322,0.009853506,0.022527671,CC1=CC=C2C=CN=C3N=CC=C1N23,1.551297,1.68695,-0.135653,0.002829
132,0.040537517,0.034448468,0.004761772,-0.015194937,-0.010673558,0.316373335,0.00978458,0.023620897,CC1=CN=C2N=CC=C3C=CC=C1N23,1.535823,1.67019,-0.134367,0.003025
133,0.045031198,0.04111942,0.003286541,-0.01591614,-0.011113285,0.240003982,0.006779898,0.019133868,NC1=CC2=CC=NC3=NC=CC(=C1)N23,1.860428,2.040804,-0.180376,0.000112
134,0.047671614,0.039117958,0.005716031,-0.014650674,-0.010336857,0.362401116,0.015169295,0.024986487,NC1=CC2=CC=CC3=CC=NC(=N1)N23,1.858946,1.935786,-0.07684,0.013063
135,0.042019589,0.030880139,0.006949837,-0.012974969,-0.009187567,0.425808749,0.013560883,0.026649823,NC1=CC=C2C=CN=C3N=CC=C1N23,1.470889,1.53039,-0.059501,0.005723
136,0.040503238,0.031224233,0.005133364,-0.013860185,-0.009776959,0.364981347,0.009415531,0.02693924,NC1=CN=C2N=CC=C3C=CC=C1N23,1.438975,1.525267,-0.086292,0.003098
137,0.045945397,0.041970983,0.003196743,-0.015901929,-0.011100129,0.247604664,0.00648019,0.024484353,CNC1=CC2=CC=NC3=NC=CC(=C1)N23,1.903132,2.073918,-0.170786,0.000529
138,0.0490441,0.039555964,0.005821738,-0.014459523,-0.010213196,0.374515392,0.015180393,0.025667414,CNC1=CC2=CC=CC3=CC=NC(=N1)N23,1.915053,1.960937,-0.045884,0.015832
139,0.039793234,0.032768294,0.005340771,-0.014615429,-0.010279238,0.350833274,0.010783021,0.0261543,CNC1=CC=C2C=CN=C3N=CC=C1N23,1.471691,1.585218,-0.113527,0.00442
140,0.042361571,0.030988887,0.005478322,-0.013250356,-0.00937309,0.396747442,0.009548075,0.026669124,CNC1=CN=C2N=CC=C3C=CC=C1N23,1.457109,1.518973,-0.061864,0.002933
141,0.040289228,0.034422562,0.005519009,-0.0131056,-0.009251735,0.345088059,0.010264795,0.03185474,C=CC1=CC2=CC=NC3=NC=CC(=C1)N23,1.451971,1.566546,-0.114575,0.005318
142,0.040415185,0.034758961,0.004421931,-0.01511009,-0.01060925,0.311791634,0.012858642,0.029691908,C=CC1=CC2=CC=CC3=CC=NC(=N1)N23,1.515649,1.649598,-0.133949,0.005868
143,0.039052919,0.033574826,0.004854616,-0.014610924,-0.010262947,0.322224816,0.010501142,0.023902613,C=CC1=CC=C2C=CN=C3N=CC=C1N23,1.505694,1.646292,-0.140598,0.005109
144,0.039008105,0.033734632,0.004499608,-0.014486065,-0.010180282,0.299383714,0.00956743,0.026425261,C=CC1=CN=C2N=CC=C3C=CC=C1N23,1.507738,1.655458,-0.14772,0.00094
145,0.039715866,0.03428822,0.005297428,-0.013817224,-0.009734736,0.317728515,0.010073992,0.022997745,C#CC1=CC2=CC=NC3=NC=CC(=C1)N23,1.417081,1.527511,-0.11043,0.005173
146,0.040083248,0.034718118,0.00434179,-0.015308285,-0.010742381,0.292428777,0.012630092,0.026886627,C#CC1=CC2=CC=CC3=CC=NC(=N1)N23,1.455951,1.590832,-0.134881,0.003585
147,0.03923399,0.0337357,0.004868918,-0.014691877,-0.010318711,0.323175011,0.010411482,0.028250764,C#CC1=CC=C2C=CN=C3N=CC=C1N23,1.532167,1.681426,-0.149259,0.005722
148,0.039180669,0.033690848,0.004642787,-0.014291602,-0.010050058,0.310086589,0.010176144,0.029205424,C#CC1=CN=C2N=CC=C3C=CC=C1N23,1.55642,1.707537,-0.151117,0.000601
149,0.039803925,0.034403937,0.005228638,-0.013587801,-0.009578241,0.316069986,0.009553412,0.022796974,[C-]#[N+]C1=CC2=CC=NC3=NC=CC(=C1)N23,1.446965,1.57349,-0.126525,0.00474
150,0.039919346,0.034452407,0.00424441,-0.015257537,-0.010708399,0.294870409,0.012026235,0.036043415,[C-]#[N+]C1=CC2=CC=CC3=CC=NC(=N1)N23,1.510023,1.649476,-0.139453,0.003326
151,0.039735881,0.034209658,0.004794749,-0.01490104,-0.010462649,0.31742707,0.010096712,0.026183525,[C-]#[N+]C1=CC=C2C=CN=C3N=CC=C1N23,1.522848,1.672926,-0.150078,0.005055
152,0.039397312,0.03393521,0.004665478,-0.014378263,-0.010112526,0.312543799,0.01014948,0.028001512,[C-]#[N+]C1=CN=C2N=CC=C3C=CC=C1N23,1.552499,1.705106,-0.152607,0.000686
153,0.037590138,0.031423063,0.005954503,-0.013434072,-0.009488356,0.337010382,0.011292866,0.023241424,N#CC1=CC2=CC=NC3=NC=CC(=C1)N23,1.366863,1.445632,-0.078769,0.006234
154,0.039238343,0.033443855,0.004330736,-0.015133948,-0.010620291,0.324825483,0.010803401,0.028827902,N#CC1=CC2=CC=CC3=CC=NC(=N1)N23,1.449046,1.555462,-0.106416,0.002377
155,0.040742228,0.035629825,0.004201805,-0.01521559,-0.010674894,0.304918899,0.009301298,0.029201743,N#CC1=CC=C2C=CN=C3N=CC=C1N23,1.594927,1.744732,-0.149805,0.00499
156,0.04146827,0.035843302,0.004771964,-0.014373541,-0.010109104,0.315093029,0.010559968,0.02933777,N#CC1=CN=C2N=CC=C3C=CC=C1N23,1.650613,1.800434,-0.149821,0.000528
157,0.045729177,0.041890955,0.003223781,-0.015864685,-0.011071767,0.237616689,0.006603149,0.019837544,CN(C)C1=CC2=CC=NC3=NC=CC(=C1)N23,1.88485,2.056214,-0.171364,0.000292
158,0.04764504,0.039428163,0.005638472,-0.014787912,-0.010425964,0.355113745,0.015598634,0.025019703,CN(C)C1=CC2=CC=CC3=CC=NC(=N1)N23,1.886997,1.952595,-0.065598,0.016735
159,0.040170791,0.032980209,0.005309461,-0.014619805,-0.010283511,0.353543386,0.01070873,0.027387312,CN(C)C1=CC=C2C=CN=C3N=CC=C1N23,1.482487,1.596908,-0.114421,0.004265
160,0.039917468,0.033218131,0.004810122,-0.01472756,-0.010353587,0.325241066,0.009651777,0.027460634,CN(C)C1=CN=C2N=CC=C3C=CC=C1N23,1.475047,1.596678,-0.121631,0.002254
161,0.055498764,0.046425399,0.006882768,-0.013451131,-0.009517438,0.352171042,0.015214856,0.023725688,CC1=CC2=CC=NC3=NC=NC(=C1)N23,1.90304,2.043615,-0.140575,0.003283
162,0.055994313,0.046279405,0.007091523,-0.013424552,-0.009505107,0.361369188,0.015961798,0.020946226,CC1=NC2=NC=NC3=CC=CC(=C1)N23,1.916776,2.043854,-0.127078,0.00683
163,0.055312441,0.0462586,0.00670993,-0.013735272,-0.009710581,0.34911227,0.014664576,0.020910651,CC1=NC2=CC=CC3=CC=NC(=N1)N23,1.898276,2.023471,-0.125195,0.004787
164,0.054092668,0.04570345,0.006773742,-0.013836821,-0.00977399,0.34193519,0.015148337,0.020259124,CC1=CC=C2N=CN=C3N=CC=C1N23,1.827283,1.953825,-0.126542,0.004217
165,0.057476004,0.046647296,0.007166372,-0.013049643,-0.009254759,0.390226465,0.015581749,0.020918876,CC1=CC=C2C=CN=C3N=CN=C1N23,1.893715,1.990036,-0.096321,0.004218
166,0.057005978,0.046367881,0.007099679,-0.013141336,-0.009317152,0.382761392,0.015652826,0.022300353,CC1=CN=C2N=CN=C3C=CC=C1N23,1.889358,1.989054,-0.099696,0.004779
167,0.060414631,0.053371126,0.005219895,-0.014175276,-0.00996393,0.303787894,0.010587905,0.023207801,NC1=CC2=CC=NC3=NC=NC(=C1)N23,2.177311,2.329036,-0.151725,0.000651
168,0.059748087,0.050098571,0.007736622,-0.013703274,-0.009717422,0.382651995,0.022790797,0.02136379,NC1=NC2=NC=NC3=CC=CC(=C1)N23,2.135117,2.22141,-0.086293,0.016788
169,0.061855146,0.050025343,0.008390794,-0.012828486,-0.009138487,0.368982297,0.026178808,0.022955064,NC1=NC2=CC=CC3=CC=NC(=N1)N23,2.200547,2.225326,-0.024779,0.023496
170,0.050893101,0.040572089,0.008642118,-0.012396462,-0.00879135,0.400517876,0.019162332,0.02221524,NC1=CC=C2N=CN=C3N=CC=C1N23,1.672478,1.738826,-0.066348,0.007726
171,0.058571039,0.041725411,0.009721573,-0.010627766,-0.007600471,0.508659423,0.020751096,0.024472193,NC1=CC=C2C=CN=C3N=CN=C1N23,1.790721,1.749767,0.040954,0.008999
172,0.056522993,0.042587708,0.007874034,-0.011354393,-0.008105441,0.424462452,0.018246168,0.024139117,NC1=CN=C2N=CN=C3C=CC=C1N23,1.809667,1.832669,-0.023002,0.006401
173,0.06162848,0.054249583,0.005098579,-0.014051615,-0.009879104,0.318328406,0.009915517,0.022811783,CNC1=CC2=CC=NC3=NC=NC(=C1)N23,2.226528,2.362439,-0.135911,0.000701
174,0.059751377,0.050022619,0.007643338,-0.013750674,-0.009748805,0.380455941,0.021967778,0.025357905,CNC1=NC2=NC=NC3=CC=CC(=C1)N23,2.144885,2.214385,-0.0695,0.0189
175,0.062210283,0.050061362,0.008335988,-0.012799566,-0.009119659,0.37174681,0.025671508,0.023431741,CNC1=NC2=CC=CC3=CC=NC(=N1)N23,2.233835,2.239249,-0.005414,0.025277
176,0.050534617,0.039846827,0.008917092,-0.012254908,-0.008695271,0.411224264,0.019977839,0.023011501,CNC1=CC=C2N=CN=C3N=CC=C1N23,1.658449,1.710497,-0.052048,0.008035
177,0.060303266,0.041154458,0.010409749,-0.009957259,-0.007144896,0.537224138,0.02245371,0.023765467,CNC1=CC=C2C=CN=C3N=CN=C1N23,1.821866,1.731844,0.090022,0.010764
178,0.055960727,0.044569731,0.007290228,-0.01237367,-0.008791787,0.385538199,0.016417367,0.024139975,CNC1=CN=C2N=CN=C3C=CC=C1N23,1.823344,1.894888,-0.071544,0.004397
179,0.056426588,0.046430971,0.007604335,-0.011022597,-0.007868077,0.396366889,0.015616182,0.02837254,C=CC1=CC2=CC=NC3=NC=NC(=C1)N23,1.806996,1.905545,-0.098549,0.00611
180,0.056154373,0.045749088,0.007609331,-0.012583073,-0.008951083,0.398474165,0.025988139,0.029024483,C=CC1=NC2=NC=NC3=CC=CC(=C1)N23,1.862375,1.946068,-0.083693,0.013399
181,0.055107365,0.046593326,0.005345919,-0.014491809,-0.010209483,0.325945081,0.013968733,0.027981537,C=CC1=NC2=CC=CC3=CC=NC(=N1)N23,1.795107,1.939727,-0.14462,0.003129
182,0.054279609,0.044496441,0.007276531,-0.012592564,-0.008921156,0.373547228,0.01612276,0.032141113,C=CC1=CC=C2N=CN=C3N=CC=C1N23,1.811802,1.933179,-0.121377,0.005159
183,0.053908744,0.043501958,0.008214213,-0.011622341,-0.008275303,0.416401994,0.020962818,0.028205592,C=CC1=CC=C2C=CN=C3N=CN=C1N23,1.756959,1.849627,-0.092668,0.012169
184,0.054526995,0.045165113,0.006666697,-0.01239242,-0.00879229,0.348726116,0.014372434,0.02821908,C=CC1=CN=C2N=CN=C3C=CC=C1N23,1.821056,1.941304,-0.120248,0.001532
185,0.05537983,0.046088203,0.007430679,-0.011900128,-0.008463909,0.377925236,0.015512844,0.028107728,C#CC1=CC2=CC=NC3=NC=NC(=C1)N23,1.754005,1.849645,-0.09564,0.007089
186,0.055903842,0.045970861,0.007257869,-0.012952143,-0.009192593,0.384791516,0.024082879,0.028467577,C#CC1=NC2=NC=NC3=CC=CC(=C1)N23,1.79664,1.878428,-0.081788,0.008667
187,0.055744058,0.046647157,0.005817059,-0.014120544,-0.009968692,0.342775523,0.014462816,0.028661197,C#CC1=NC2=CC=CC3=CC=NC(=N1)N23,1.771864,1.906444,-0.13458,0.002029
188,0.054649009,0.044712593,0.007206658,-0.012791382,-0.0090579,0.381054577,0.015869296,0.029996169,C#CC1=CC=C2N=CN=C3N=CC=C1N23,1.840393,1.974439,-0.134046,0.005814
189,0.054151024,0.043705117,0.008165938,-0.012196246,-0.008669315,0.407512656,0.02002988,0.028398584,C#CC1=CC=C2C=CN=C3N=CN=C1N23,1.805377,1.923662,-0.118285,0.010482
190,0.053461207,0.044985132,0.006457315,-0.012532641,-0.008880387,0.341340997,0.014264452,0.027637029,C#CC1=CN=C2N=CN=C3C=CC=C1N23,1.835971,1.974319,-0.138348,0.001147
191,0.055609814,0.046077333,0.007355508,-0.011662473,-0.008302361,0.376112274,0.014632512,0.028617207,[C-]#[N+]C1=CC2=CC=NC3=NC=NC(=C1)N23,1.778641,1.890656,-0.112015,0.006699
192,0.054463396,0.045931685,0.00670415,-0.013345948,-0.009448706,0.352653612,0.021880623,0.027879506,[C-]#[N+]C1=NC2=NC=NC3=CC=CC(=C1)N23,1.823409,1.928674,-0.105265,0.0066
193,0.055815974,0.046307058,0.006106171,-0.013783761,-0.009745725,0.347090786,0.015428917,0.028415325,[C-]#[N+]C1=NC2=CC=CC3=CC=NC(=N1)N23,1.853621,1.978396,-0.124775,0.003028
194,0.054853088,0.045252114,0.00694189,-0.013267274,-0.009382435,0.382749706,0.015025316,0.028180155,[C-]#[N+]C1=CC=C2N=CN=C3N=CC=C1N23,1.827135,1.963232,-0.136097,0.005306
195,0.055463953,0.044129318,0.008197393,-0.012268798,-0.008726716,0.432934386,0.01907077,0.028387783,[C-]#[N+]C1=CC=C2C=CN=C3N=CN=C1N23,1.817019,1.935912,-0.118893,0.009173
196,0.054139931,0.045608286,0.006397296,-0.012734551,-0.009021897,0.353096438,0.014283027,0.027877482,[C-]#[N+]C1=CN=C2N=CN=C3C=CC=C1N23,1.852306,1.983041,-0.130735,0.001082
197,0.05324187,0.043016226,0.008232232,-0.011450977,-0.008172752,0.399341791,0.017939272,0.029852286,N#CC1=CC2=CC=NC3=NC=NC(=C1)N23,1.701869,1.7647,-0.062831,0.008728
198,0.055768988,0.044755878,0.007177503,-0.012684738,-0.009004401,0.429384544,0.019973574,0.035063734,N#CC1=NC2=NC=NC3=CC=CC(=C1)N23,1.799948,1.843007,-0.043059,0.00532
199,0.054752247,0.046071516,0.005668531,-0.014149859,-0.009978739,0.339292313,0.01309138,0.02786136,N#CC1=NC2=CC=CC3=CC=NC(=N1)N23,1.770347,1.884723,-0.114376,0.001962
200,0.056096575,0.046814084,0.006231637,-0.013673258,-0.009656463,0.355844196,0.014316437,0.028155022,N#CC1=CC=C2N=CN=C3N=CC=C1N23,1.902344,2.042587,-0.140243,0.004702
201,0.054419145,0.045448955,0.007764022,-0.012857623,-0.009127374,0.352959837,0.019843606,0.02781558,N#CC1=CC=C2C=CN=C3N=CN=C1N23,1.848964,1.98278,-0.133816,0.01037
202,0.054574289,0.047079194,0.005907244,-0.013320258,-0.009407,0.329700907,0.01222288,0.028272135,N#CC1=CN=C2N=CN=C3C=CC=C1N23,1.894139,2.052798,-0.158659,0.000542
203,0.06093325,0.054027042,0.005152514,-0.014100255,-0.009906555,0.298823055,0.010385021,0.023203452,CN(C)C1=CC2=CC=NC3=NC=NC(=C1)N23,2.195885,2.338566,-0.142681,0.000822
204,0.059641778,0.050033167,0.007732088,-0.013720469,-0.009727031,0.379111984,0.023194734,0.025082797,CN(C)C1=NC2=NC=NC3=CC=CC(=C1)N23,2.145184,2.222403,-0.077219,0.023229
205,0.061450307,0.049881788,0.008175098,-0.013011376,-0.009259385,0.366131873,0.025172931,0.023429041,CN(C)C1=NC2=CC=CC3=CC=NC(=N1)N23,2.220383,2.238172,-0.017789,0.02425
206,0.052973629,0.043794921,0.007444946,-0.013279865,-0.00939355,0.36333284,0.016660608,0.029893475,CN(C)C1=CC=C2N=CN=C3N=CC=C1N23,1.752293,1.854537,-0.102244,0.00612
207,0.057744623,0.04248707,0.00886214,-0.011416169,-0.008142679,0.482951447,0.01896604,0.024254772,CN(C)C1=CC=C2C=CN=C3N=CN=C1N23,1.783259,1.790958,-0.007699,0.009713
208,0.056511528,0.044735002,0.007347454,-0.01223605,-0.008699518,0.392254768,0.016620201,0.024377311,CN(C)C1=CN=C2N=CN=C3C=CC=C1N23,1.831585,1.900389,-0.068804,0.004218
209,0.066720812,0.058375485,0.00639295,-0.013980408,-0.009850915,0.357252756,0.010870903,0.020211845,CC1=CC2=NC=NC3=NC=NC(=C1)N23,2.139639,2.323927,-0.184288,0.001831
210,0.066428074,0.058152712,0.006175358,-0.014345335,-0.010100134,0.350583025,0.010697972,0.018577458,CC1=NC2=CC=CC3=NC=NC(=N1)N23,2.145542,2.312767,-0.167225,0.004194
211,0.06658099,0.058025249,0.006364994,-0.014116404,-0.00994471,0.362142441,0.010881374,0.018527144,CC1=CC=C2N=CN=C3N=CN=C1N23,2.075128,2.226717,-0.151589,0.00276
212,0.072262674,0.066909155,0.004377398,-0.014821382,-0.010354814,0.290865361,0.005878826,0.01904082,NC1=CC2=NC=NC3=NC=NC(=C1)N23,2.41261,2.609936,-0.197326,0.000829
213,0.073148096,0.0616565,0.007889041,-0.013343366,-0.009465326,0.392169087,0.02021638,0.020863271,NC1=NC2=CC=CC3=NC=NC(=N1)N23,2.450193,2.519815,-0.069622,0.021012
214,0.064088206,0.050169867,0.009495548,-0.011483528,-0.008157322,0.464152558,0.016787118,0.022864925,NC1=CC=C2N=CN=C3N=CN=C1N23,1.879117,1.895886,-0.016769,0.007341
215,0.072788555,0.067536127,0.004306375,-0.014775495,-0.010318699,0.295451392,0.005634321,0.021068541,CNC1=CC2=NC=NC3=NC=NC(=C1)N23,2.437035,2.625366,-0.188331,0.001351
216,0.073026351,0.061640345,0.007826577,-0.013413334,-0.009512647,0.389432462,0.02059519,0.019758509,CNC1=NC2=CC=CC3=NC=NC(=N1)N23,2.473372,2.535389,-0.062017,0.024018
217,0.0631646,0.050239197,0.008981426,-0.011985892,-0.008502287,0.447230531,0.015999118,0.023782899,CNC1=CC=C2N=CN=C3N=CN=C1N23,1.855854,1.900957,-0.045103,0.007737
218,0.066638682,0.058100198,0.007672458,-0.011122316,-0.007902271,0.3956285,0.011364163,0.026264767,C=CC1=CC2=NC=NC3=NC=NC(=C1)N23,2.040094,2.184819,-0.144725,0.005037
219,0.066588911,0.058425087,0.005015343,-0.014543115,-0.010230537,0.3195471,0.012453199,0.02592677,C=CC1=NC2=CC=CC3=NC=NC(=N1)N23,2.029046,2.200824,-0.171778,0.002765
220,0.06409455,0.054052394,0.007952962,-0.011641473,-0.008256168,0.427194363,0.013967623,0.026242662,C=CC1=CC=C2N=CN=C3N=CN=C1N23,2.02494,2.171792,-0.146852,0.004792
221,0.0662942,0.057819393,0.007493462,-0.011953235,-0.00847103,0.379687841,0.011530201,0.02290067,C#CC1=CC2=NC=NC3=NC=NC(=C1)N23,2.005619,2.141171,-0.135552,0.005409
222,0.066560861,0.058417781,0.00529179,-0.014654946,-0.010311544,0.3249855,0.012276789,0.025617914,C#CC1=NC2=CC=CC3=NC=NC(=N1)N23,1.999667,2.161792,-0.162125,0.003169
223,0.064393081,0.055076237,0.007195891,-0.012797441,-0.009048297,0.399882588,0.013456357,0.02306691,C#CC1=CC=C2N=CN=C3N=CN=C1N23,2.025078,2.190524,-0.165446,0.006137
224,0.066238787,0.057817811,0.007325749,-0.011799919,-0.008365457,0.374956144,0.010565279,0.022797825,[C-]#[N+]C1=CC2=NC=NC3=NC=NC(=C1)N23,2.026265,2.180567,-0.154302,0.00494
225,0.066495217,0.058284937,0.005369353,-0.014444854,-0.010170672,0.334605781,0.012343546,0.024562422,[C-]#[N+]C1=NC2=CC=CC3=NC=NC(=N1)N23,2.074472,2.235836,-0.161364,0.002824
226,0.064872894,0.055610272,0.006771241,-0.013449837,-0.009495732,0.385830149,0.012344122,0.041268696,[C-]#[N+]C1=CC=C2N=CN=C3N=CN=C1N23,2.03062,2.200552,-0.169932,0.005141
227,0.064001179,0.054272663,0.008445572,-0.011389523,-0.008107067,0.401326098,0.014149953,0.022640447,N#CC1=CC2=NC=NC3=NC=NC(=C1)N23,1.954489,2.05471,-0.100221,0.00699
228,0.065425786,0.057645064,0.005073181,-0.014728186,-0.010351147,0.323681236,0.010207369,0.023821647,N#CC1=NC2=CC=CC3=NC=NC(=N1)N23,1.9885,2.126437,-0.137937,0.00226
229,0.065626351,0.057677356,0.006236386,-0.013835661,-0.00975431,0.357778414,0.012142595,0.023973653,N#CC1=CC=C2N=CN=C3N=CN=C1N23,2.085263,2.267874,-0.182611,0.00538
230,0.07275812,0.067449369,0.004416654,-0.014621466,-0.010212564,0.292665324,0.005791381,0.018890899,CN(C)C1=CC2=NC=NC3=NC=NC(=C1)N23,2.425489,2.612843,-0.187354,0.00117
231,0.072861502,0.061559161,0.007668557,-0.013518704,-0.009581768,0.388577816,0.019574526,0.026970599,CN(C)C1=NC2=CC=CC3=NC=NC(=N1)N23,2.471929,2.527162,-0.055233,0.024298
232,0.064084479,0.051631381,0.008523581,-0.012300358,-0.008716293,0.438964085,0.015295281,0.02282011,CN(C)C1=CC=C2N=CN=C3N=CN=C1N23,1.883913,1.931367,-0.047454,0.007903
233,0.064491747,0.055906661,0.007156011,-0.01388694,-0.00983781,0.283336316,0.019242316,0.01775859,CC1=NC2=NC=NC3=NC=CC(=C1)N23,2.098641,2.270816,-0.172175,0.006271
234,0.064273147,0.055883453,0.006888136,-0.014218347,-0.010061942,0.279837877,0.018460207,0.016294353,CC1=NC2=NC=CC3=CC=NC(=N1)N23,2.080496,2.243422,-0.162926,0.005851
235,0.064294177,0.055562494,0.007092726,-0.013959921,-0.009886972,0.292318836,0.019211048,0.018998051,CC1=CN=C2N=CN=C3N=CC=C1N23,2.025389,2.175212,-0.149823,0.005554
236,0.071587106,0.061981239,0.006725681,-0.01380866,-0.009786552,0.328670079,0.01976612,0.02215327,NC1=NC2=NC=NC3=NC=CC(=C1)N23,2.430319,2.5581,-0.127781,0.009678
237,0.071202906,0.059023163,0.009151287,-0.012974132,-0.009278454,0.312551097,0.036632104,0.019064524,NC1=NC2=NC=CC3=CC=NC(=N1)N23,2.366122,2.421138,-0.055016,0.029238
238,0.061489514,0.049251205,0.009107329,-0.011926977,-0.008512084,0.357714305,0.025362625,0.022867625,NC1=CN=C2N=CN=C3N=CC=C1N23,1.876289,1.94116,-0.064871,0.00934
239,0.071854533,0.062079586,0.006647755,-0.013733907,-0.009736094,0.333515148,0.019131396,0.034654019,CNC1=NC2=NC=NC3=NC=CC(=C1)N23,2.458336,2.565358,-0.107022,0.011353
240,0.07115831,0.058992378,0.009067604,-0.013052173,-0.009331208,0.316247501,0.036331395,0.020684153,CNC1=NC2=NC=CC3=CC=NC(=N1)N23,2.386167,2.43039,-0.044223,0.031089
241,0.062653599,0.052679217,0.007915609,-0.013000062,-0.009234811,0.3101126,0.021731144,0.021535376,CNC1=CN=C2N=CN=C3N=CC=C1N23,1.936725,2.048759,-0.112034,0.00678
242,0.064597317,0.055337309,0.008101885,-0.012222012,-0.008720538,0.341498622,0.02896915,0.025472297,C=CC1=NC2=NC=NC3=NC=CC(=C1)N23,2.016306,2.15423,-0.137924,0.013345
243,0.064755102,0.056400088,0.005236341,-0.015016916,-0.010590174,0.276625009,0.017977777,0.025473731,C=CC1=NC2=NC=CC3=CC=NC(=N1)N23,2.01206,2.189164,-0.177104,0.00279
244,0.062756263,0.053557637,0.007601459,-0.012438844,-0.008842372,0.318140799,0.020257682,0.023329564,C=CC1=CN=C2N=CN=C3N=CC=C1N23,1.975021,2.131084,-0.156063,0.003996
245,0.064327074,0.055525561,0.007679499,-0.012786225,-0.009097608,0.318606696,0.026398419,0.022850182,C#CC1=NC2=NC=NC3=NC=CC(=C1)N23,1.947937,2.081632,-0.133695,0.010078
246,0.064640379,0.056289121,0.005760044,-0.014766722,-0.010428589,0.266335655,0.01837781,0.022594957,C#CC1=NC2=NC=CC3=CC=NC(=N1)N23,1.9694,2.148295,-0.178895,0.00171
247,0.062692674,0.053496089,0.007521753,-0.012648614,-0.008983692,0.326320628,0.020458001,0.02500771,C#CC1=CN=C2N=CN=C3N=CC=C1N23,2.008379,2.181517,-0.173138,0.004475
248,0.064201661,0.055615638,0.007257749,-0.012895137,-0.009166986,0.314361672,0.024101612,0.025685584,[C-]#[N+]C1=NC2=NC=NC3=NC=CC(=C1)N23,1.991226,2.141907,-0.150681,0.00856
249,0.064510386,0.05591895,0.006142529,-0.01431086,-0.010124427,0.264134575,0.01965899,0.022911053,[C-]#[N+]C1=NC2=NC=CC3=CC=NC(=N1)N23,2.042539,2.21014,-0.167601,0.002954
250,0.063204188,0.054175738,0.00716997,-0.013199163,-0.009361251,0.329778344,0.019429942,0.024357069,[C-]#[N+]C1=CN=C2N=CN=C3N=CC=C1N23,2.00702,2.181039,-0.174019,0.004271
251,0.062714639,0.053363159,0.007960693,-0.012697786,-0.009039967,0.340394398,0.025429338,0.024668034,N#CC1=NC2=NC=NC3=NC=CC(=C1)N23,1.916617,2.018583,-0.101966,0.009022
252,0.063582972,0.055901745,0.005382111,-0.014866398,-0.010480655,0.274071474,0.015173892,0.022624689,N#CC1=NC2=NC=CC3=CC=NC(=N1)N23,1.965941,2.127406,-0.161465,0.001101
253,0.064199127,0.056229556,0.006469469,-0.01373442,-0.00971447,0.295063807,0.018230409,0.026460587,N#CC1=CN=C2N=CN=C3N=CC=C1N23,2.081446,2.275236,-0.19379,0.003271
254,0.071317972,0.061839526,0.006789371,-0.013754529,-0.009747517,0.320061502,0.020402007,0.021763252,CN(C)C1=NC2=NC=NC3=NC=CC(=C1)N23,2.441284,2.558231,-0.116947,0.014199
255,0.07095439,0.058934947,0.008932652,-0.013160228,-0.009402038,0.3071526,0.035435629,0.018771629,CN(C)C1=NC2=NC=CC3=CC=NC(=N1)N23,2.389111,2.433359,-0.044248,0.030476
256,0.062857525,0.052728629,0.007946351,-0.012937826,-0.009192558,0.314170729,0.021916409,0.02241564,CN(C)C1=CN=C2N=CN=C3N=CC=C1N23,1.933501,2.038937,-0.105436,0.006657
